location_id,file_name,observation_date,ndvi_db,ndvi_test,ndvi_diff,evi_db,evi_test,evi_diff,lst_db,lst_test,lst_diff,sar_db,sar_test,sar_diff,mismatch_flag
IND-KA-600070,ARELAKAMAPUR GANESH RANEBENNUR USRH24 SHIVAJI.kml,2025-12-02,0.33878627,0.338786,0.00000027,0.20949584,0.209496,-0.00000016,14.28700535,14.287005,0.00000035,VV_dB=-12.2297;VH_dB=-18.0064,VV_dB=-12.2297;VH_dB=-18.0064,max_dVV_dB=0.0000;max_dVH_dB=0.0000,OK
IND-KA-600070,ARELAKAMAPUR GANESH RANEBENNUR USRH24 SHIVAJI.kml,2025-12-12,0.1549771,0.154977,0.0000001,0.098535,0.098535,0,18.39794956,18.39795,-0.00000044,VV_dB=-10.0516;VH_dB=-18.4393,VV_dB=-10.0516;VH_dB=-18.4393,max_dVV_dB=0.0000;max_dVH_dB=0.0000,OK
IND-KA-600070,ARELAKAMAPUR GANESH RANEBENNUR USRH24 SHIVAJI.kml,2025-12-14,0.1443765,0.144377,-0.0000005,0.08584438,0.085844,0.00000038,17.58699711,17.586997,0.00000011,VV_dB=-10.0516;VH_dB=-18.4393,VV_dB=-10.0516;VH_dB=-18.4393,max_dVV_dB=0.0000;max_dVH_dB=0.0000,OK
IND-KA-600070,ARELAKAMAPUR GANESH RANEBENNUR USRH24 SHIVAJI.kml,2025-12-17,0.17086235,0.170862,0.00000035,0.10367915,0.103679,0.00000015,15.69705723,15.697057,0.00000023,VV_dB=-10.0516;VH_dB=-18.4393,VV_dB=-10.0516;VH_dB=-18.4393,max_dVV_dB=0.0000;max_dVH_dB=0.0000,OK
IND-KA-600070,ARELAKAMAPUR GANESH RANEBENNUR USRH24 SHIVAJI.kml,2025-12-27,0.19322459,0.193225,-0.00000041,0.11161038,0.11161,0.00000038,19.33457121,19.334571,0.00000021,VV_dB=-9.3361;VH_dB=-17.1787,VV_dB=-9.3361;VH_dB=-17.1787,max_dVV_dB=0.0000;max_dVH_dB=0.0000,OK
IND-KA-600070,ARELAKAMAPUR GANESH RANEBENNUR USRH24 SHIVAJI.kml,2026-01-01,0.17772035,0.17772,0.00000035,0.11002097,0.110021,-0.00000003,18.94796523,18.947965,0.00000023,VV_dB=-9.3361;VH_dB=-17.1787,VV_dB=-9.3361;VH_dB=-17.1787,max_dVV_dB=0.0000;max_dVH_dB=0.0000,OK
IND-KA-600070,ARELAKAMAPUR GANESH RANEBENNUR USRH24 SHIVAJI.kml,2026-01-06,0.23225404,0.232254,0.00000004,0.13524783,0.135248,-0.00000017,18.31452318,18.314523,0.00000018,VV_dB=-15.3637;VH_dB=-23.1374,VV_dB=-15.3637;VH_dB=-23.1374,max_dVV_dB=0.0000;max_dVH_dB=0.0000,OK
IND-KA-600070,ARELAKAMAPUR GANESH RANEBENNUR USRH24 SHIVAJI.kml,2026-01-16,0.37284574,0.372846,-0.00000026,0.18608652,0.186087,-0.00000048,32.79526384,32.795264,-0.00000016,VV_dB=-12.2383;VH_dB=-22.3285,VV_dB=-12.2383;VH_dB=-22.3285,max_dVV_dB=0.0000;max_dVH_dB=0.0000,OK
IND-KA-600070,ARELAKAMAPUR GANESH RANEBENNUR USRH24 SHIVAJI.kml,2026-01-21,0.45416138,0.454161,0.00000038,0.21975552,0.219756,-0.00000048,21.12587544,21.125875,0.00000044,VV_dB=-12.2383;VH_dB=-22.3285,VV_dB=-12.2383;VH_dB=-22.3285,max_dVV_dB=0.0000;max_dVH_dB=0.0000,OK
IND-KA-600070,ARELAKAMAPUR GANESH RANEBENNUR USRH24 SHIVAJI.kml,2026-01-26,0.53583062,0.535831,-0.00000038,0.275406,0.275406,0,21.15931854,21.159319,-0.00000046,VV_dB=-12.2383;VH_dB=-22.3285,VV_dB=-12.2383;VH_dB=-22.3285,max_dVV_dB=0.0000;max_dVH_dB=0.0000,OK
IND-KA-600070,ARELAKAMAPUR GANESH RANEBENNUR USRH24 SHIVAJI.kml,2026-01-31,0.55420715,0.554207,0.00000015,0.27739531,0.277395,0.00000031,22.09947103,22.099471,0.00000003,,,,OK
IND-KA-600070,ARELAKAMAPUR GANESH RANEBENNUR USRH24 SHIVAJI.kml,2026-02-05,0.69730586,0.697306,-0.00000014,0.37473917,0.374739,0.00000017,21.0688227,21.068823,-0.0000003,,,,OK
IND-KA-600070,ARELAKAMAPUR GANESH RANEBENNUR USRH24 SHIVAJI.kml,2026-02-10,0.67020023,0.6702,0.00000023,0.35497421,0.354974,0.00000021,19.0247281,19.024728,0.0000001,VV_dB=-9.6513;VH_dB=-17.7666,VV_dB=-9.6513;VH_dB=-17.7666,max_dVV_dB=0.0000;max_dVH_dB=0.0000,OK
IND-KA-600070,ARELAKAMAPUR GANESH RANEBENNUR USRH24 SHIVAJI.kml,2026-02-15,0.76056892,0.760569,-0.00000008,0.42248267,0.422483,-0.00000033,23.16105699,23.161057,-0.00000001,VV_dB=-9.6513;VH_dB=-17.7666,VV_dB=-9.6513;VH_dB=-17.7666,max_dVV_dB=0.0000;max_dVH_dB=0.0000,OK
IND-KA-600070,ARELAKAMAPUR GANESH RANEBENNUR USRH24 SHIVAJI.kml,2026-02-20,0.76373863,0.763739,-0.00000037,0.37945566,0.379456,-0.00000034,23.14190398,23.141904,-0.00000002,VV_dB=-10.5903;VH_dB=-18.5554,VV_dB=-10.5903;VH_dB=-18.5554,max_dVV_dB=0.0000;max_dVH_dB=0.0000,OK
IND-KA-600070,ARELAKAMAPUR GANESH RANEBENNUR USRH24 SHIVAJI.kml,2026-02-25,0.81391305,0.813913,0.00000005,0.41637009,0.41637,0.00000009,22.56796387,22.567964,-0.00000013,VV_dB=-10.5903;VH_dB=-18.5554,VV_dB=-10.5903;VH_dB=-18.5554,max_dVV_dB=0.0000;max_dVH_dB=0.0000,OK
IND-KA-600070,ARELAKAMAPUR GANESH RANEBENNUR USRH24 SHIVAJI.kml,2026-03-02,0.81883192,0.818832,-0.00000008,0.42832205,0.428322,0.00000005,24.22462137,24.224621,0.00000037,VV_dB=-10.5903;VH_dB=-18.5554,VV_dB=-10.5903;VH_dB=-18.5554,max_dVV_dB=0.0000;max_dVH_dB=0.0000,OK
IND-KA-600070,ARELAKAMAPUR GANESH RANEBENNUR USRH24 SHIVAJI.kml,2026-03-07,0.82930201,0.829302,0.00000001,0.52429223,0.524292,0.00000023,38.55632344,38.556323,0.00000044,VV_dB=-13.2526;VH_dB=-18.7315,VV_dB=-13.2526;VH_dB=-18.7315,max_dVV_dB=0.0000;max_dVH_dB=0.0000,OK
IND-KA-600070,ARELAKAMAPUR GANESH RANEBENNUR USRH24 SHIVAJI.kml,2026-03-12,0.83263057,0.832631,-0.00000043,0.53067893,0.530679,-0.00000007,23.29505278,23.295053,-0.00000022,VV_dB=-13.2526;VH_dB=-18.7315,VV_dB=-13.2526;VH_dB=-18.7315,max_dVV_dB=0.0000;max_dVH_dB=0.0000,OK
IND-KA-600070,ARELAKAMAPUR GANESH RANEBENNUR USRH24 SHIVAJI.kml,2026-03-17,0.81461471,0.814615,-0.00000029,0.58317047,0.58317,0.00000047,23.48038642,23.480386,0.00000042,VV_dB=-13.4899;VH_dB=-19.9202,VV_dB=-13.4899;VH_dB=-19.9202,max_dVV_dB=0.0000;max_dVH_dB=0.0000,OK
IND-KA-600564,KALLAGANUR BASAVARAJ RAGATI USRH24 CHANNAPPA.kml,2025-12-02,0.01933792,0.019338,-0.00000008,0.01102103,0.011021,0.00000003,13.7705255,13.770525,0.0000005,VV_dB=-11.7661;VH_dB=-17.1855,VV_dB=-11.5159;VH_dB=-16.9402,max_dVV_dB=0.2502;max_dVH_dB=0.2453,SAR_VV_MISMATCH;SAR_VH_MISMATCH
IND-KA-600564,KALLAGANUR BASAVARAJ RAGATI USRH24 CHANNAPPA.kml,2025-12-12,0.05050505,0.050505,0.00000005,0.02585029,0.02585,0.00000029,19.57294243,19.36144,0.21150243,VV_dB=-9.3712;VH_dB=-19.7631,VV_dB=-8.9078;VH_dB=-19.1443,max_dVV_dB=0.4634;max_dVH_dB=0.6188,LST_MISMATCH;SAR_VV_MISMATCH;SAR_VH_MISMATCH
IND-KA-600564,KALLAGANUR BASAVARAJ RAGATI USRH24 CHANNAPPA.kml,2025-12-14,0.07487027,0.07487,0.00000027,0.03736451,0.037365,-0.00000049,17.88976775,17.889768,-0.00000025,VV_dB=-9.3712;VH_dB=-19.7631,VV_dB=-8.9078;VH_dB=-19.1443,max_dVV_dB=0.4634;max_dVH_dB=0.6188,SAR_VV_MISMATCH;SAR_VH_MISMATCH
IND-KA-600564,KALLAGANUR BASAVARAJ RAGATI USRH24 CHANNAPPA.kml,2025-12-17,0.15229358,0.152294,-0.00000042,0.08514567,0.085146,-0.00000033,12.7588085,12.758808,0.0000005,VV_dB=-9.3712;VH_dB=-19.7631,VV_dB=-8.9078;VH_dB=-19.1443,max_dVV_dB=0.4634;max_dVH_dB=0.6188,SAR_VV_MISMATCH;SAR_VH_MISMATCH
IND-KA-600564,KALLAGANUR BASAVARAJ RAGATI USRH24 CHANNAPPA.kml,2025-12-27,0.18775511,0.187755,0.00000011,0.117322,0.117322,-0,20.51828552,20.518286,-0.00000048,VV_dB=-9.9182;VH_dB=-16.6965,VV_dB=-10.0517;VH_dB=-16.7351,max_dVV_dB=0.1335;max_dVH_dB=0.0386,SAR_VV_MISMATCH
IND-KA-600564,KALLAGANUR BASAVARAJ RAGATI USRH24 CHANNAPPA.kml,2026-01-01,0.03836814,0.038368,0.00000014,0.01553711,0.015537,0.00000011,18.63642324,18.768551,-0.13212776,VV_dB=-9.9182;VH_dB=-16.6965,VV_dB=-10.0517;VH_dB=-16.7351,max_dVV_dB=0.1335;max_dVH_dB=0.0386,LST_MISMATCH;SAR_VV_MISMATCH
IND-KA-600564,KALLAGANUR BASAVARAJ RAGATI USRH24 CHANNAPPA.kml,2026-01-06,0.04782375,0.047824,-0.00000025,0.01989538,0.019895,0.00000038,19.79038398,19.246897,0.54348698,VV_dB=-11.4844;VH_dB=-20.8241,VV_dB=-11.9141;VH_dB=-21.2832,max_dVV_dB=0.4297;max_dVH_dB=0.4591,LST_MISMATCH;SAR_VV_MISMATCH;SAR_VH_MISMATCH
IND-KA-600564,KALLAGANUR BASAVARAJ RAGATI USRH24 CHANNAPPA.kml,2026-01-16,0.32296526,0.322965,0.00000026,0.13459793,0.134598,-0.00000007,35.32746194,35.327462,-0.00000006,VV_dB=-12.1996;VH_dB=-23.0237,VV_dB=-11.9498;VH_dB=-23.2292,max_dVV_dB=0.2498;max_dVH_dB=0.2055,SAR_VV_MISMATCH;SAR_VH_MISMATCH
IND-KA-600564,KALLAGANUR BASAVARAJ RAGATI USRH24 CHANNAPPA.kml,2026-01-21,0.2640737,0.264074,-0.0000003,0.10512162,0.105122,-0.00000038,17.96428304,17.964283,0.00000004,VV_dB=-12.1996;VH_dB=-23.0237,VV_dB=-11.9498;VH_dB=-23.2292,max_dVV_dB=0.2498;max_dVH_dB=0.2055,SAR_VV_MISMATCH;SAR_VH_MISMATCH
IND-KA-600564,KALLAGANUR BASAVARAJ RAGATI USRH24 CHANNAPPA.kml,2026-01-26,0.37019485,0.370195,-0.00000015,0.15254091,0.152541,-0.00000009,19.76881826,20.344743,-0.57592474,VV_dB=-12.1996;VH_dB=-23.0237,VV_dB=-11.9498;VH_dB=-23.2292,max_dVV_dB=0.2498;max_dVH_dB=0.2055,LST_MISMATCH;SAR_VV_MISMATCH;SAR_VH_MISMATCH
IND-KA-600564,KALLAGANUR BASAVARAJ RAGATI USRH24 CHANNAPPA.kml,2026-01-31,0.51606804,0.516068,0.00000004,0.27954125,0.279541,0.00000025,21.58988518,21.589885,0.00000018,VV_dB=-11.2763;VH_dB=-18.6656,,,OK
IND-KA-600564,KALLAGANUR BASAVARAJ RAGATI USRH24 CHANNAPPA.kml,2026-02-05,0.62569392,0.625694,-0.00000008,0.33433619,0.334336,0.00000019,21.07537075,21.075371,-0.00000025,VV_dB=-11.2763;VH_dB=-18.6656,,,OK
IND-KA-600564,KALLAGANUR BASAVARAJ RAGATI USRH24 CHANNAPPA.kml,2026-02-10,0.63787252,0.637873,-0.00000048,0.34353161,0.343532,-0.00000039,17.7318076,17.731808,-0.0000004,VV_dB=-9.5221;VH_dB=-20.4283,VV_dB=-8.8953;VH_dB=-20.1833,max_dVV_dB=0.6268;max_dVH_dB=0.2450,SAR_VV_MISMATCH;SAR_VH_MISMATCH
IND-KA-600564,KALLAGANUR BASAVARAJ RAGATI USRH24 CHANNAPPA.kml,2026-02-15,0.77970833,0.779708,0.00000033,0.51525468,0.515255,-0.00000032,22.69417693,22.694177,-0.00000007,VV_dB=-9.5221;VH_dB=-20.4283,VV_dB=-8.8953;VH_dB=-20.1833,max_dVV_dB=0.6268;max_dVH_dB=0.2450,SAR_VV_MISMATCH;SAR_VH_MISMATCH
IND-KA-600564,KALLAGANUR BASAVARAJ RAGATI USRH24 CHANNAPPA.kml,2026-02-20,0.81337047,0.81337,0.00000047,0.55799735,0.557997,0.00000035,23.43956313,23.439563,0.00000013,VV_dB=-11.1860;VH_dB=-18.3309,VV_dB=-10.6709;VH_dB=-18.4678,max_dVV_dB=0.5151;max_dVH_dB=0.1369,SAR_VV_MISMATCH;SAR_VH_MISMATCH
IND-KA-600564,KALLAGANUR BASAVARAJ RAGATI USRH24 CHANNAPPA.kml,2026-02-25,0.84685117,0.846851,0.00000017,0.68036336,0.680363,0.00000036,23.76568428,23.554833,0.21085128,VV_dB=-11.1860;VH_dB=-18.3309,VV_dB=-10.6709;VH_dB=-18.4678,max_dVV_dB=0.5151;max_dVH_dB=0.1369,LST_MISMATCH;SAR_VV_MISMATCH;SAR_VH_MISMATCH
IND-KA-600564,KALLAGANUR BASAVARAJ RAGATI USRH24 CHANNAPPA.kml,2026-03-02,0.873689,0.873689,-0,0.70892072,0.708921,-0.00000028,21.61671657,21.616717,-0.00000043,VV_dB=-11.1860;VH_dB=-18.3309,VV_dB=-10.6709;VH_dB=-18.4678,max_dVV_dB=0.5151;max_dVH_dB=0.1369,SAR_VV_MISMATCH;SAR_VH_MISMATCH
IND-KA-600564,KALLAGANUR BASAVARAJ RAGATI USRH24 CHANNAPPA.kml,2026-03-07,0.90605521,0.906055,0.00000021,0.76091832,0.760918,0.00000032,42.3019844,42.301984,0.0000004,VV_dB=-11.6702;VH_dB=-18.4473,VV_dB=-11.9031;VH_dB=-18.4953,max_dVV_dB=0.2329;max_dVH_dB=0.0480,SAR_VV_MISMATCH
IND-KA-600564,KALLAGANUR BASAVARAJ RAGATI USRH24 CHANNAPPA.kml,2026-03-12,0.91756356,0.917564,-0.00000044,0.74385536,0.743855,0.00000036,26.42845358,26.428454,-0.00000042,VV_dB=-11.6702;VH_dB=-18.4473,VV_dB=-11.9031;VH_dB=-18.4953,max_dVV_dB=0.2329;max_dVH_dB=0.0480,SAR_VV_MISMATCH
IND-KA-600564,KALLAGANUR BASAVARAJ RAGATI USRH24 CHANNAPPA.kml,2026-03-17,0.76462364,0.764624,-0.00000036,0.66926402,0.669264,0.00000002,23.55887397,23.558874,-0.00000003,VV_dB=-11.1289;VH_dB=-18.8247,VV_dB=-11.2763;VH_dB=-18.6656,max_dVV_dB=0.1474;max_dVH_dB=0.1591,SAR_VV_MISMATCH;SAR_VH_MISMATCH
IND-KA-600682,KOTIHAL MANJAPPA GADIGEPPA BANAKAR USRH24 GADIGEPPA.kml,2025-12-02,0.38292146,0.382921,0.00000046,0.25398421,0.253984,0.00000021,20.79566171,20.795662,-0.00000029,VV_dB=-8.4722;VH_dB=-14.6835,VV_dB=-8.4722;VH_dB=-14.6835,max_dVV_dB=0.0000;max_dVH_dB=0.0000,OK
IND-KA-600682,KOTIHAL MANJAPPA GADIGEPPA BANAKAR USRH24 GADIGEPPA.kml,2025-12-12,0.26834172,0.268342,-0.00000028,0.17142858,0.171429,-0.00000042,17.59631327,17.596313,0.00000027,VV_dB=-10.4844;VH_dB=-16.9079,VV_dB=-10.4844;VH_dB=-16.9079,max_dVV_dB=0.0000;max_dVH_dB=0.0000,OK
IND-KA-600682,KOTIHAL MANJAPPA GADIGEPPA BANAKAR USRH24 GADIGEPPA.kml,2025-12-14,0.26383525,0.263835,0.00000025,0.16556291,0.165563,-0.00000009,17.27699955,17.277,-0.00000045,VV_dB=-10.4844;VH_dB=-16.9079,VV_dB=-10.4844;VH_dB=-16.9079,max_dVV_dB=0.0000;max_dVH_dB=0.0000,OK
IND-KA-600682,KOTIHAL MANJAPPA GADIGEPPA BANAKAR USRH24 GADIGEPPA.kml,2025-12-17,0.24454829,0.244548,0.00000029,0.15287741,0.152877,0.00000041,11.53036783,11.530368,-0.00000017,VV_dB=-10.4844;VH_dB=-16.9079,VV_dB=-10.4844;VH_dB=-16.9079,max_dVV_dB=0.0000;max_dVH_dB=0.0000,OK
IND-KA-600682,KOTIHAL MANJAPPA GADIGEPPA BANAKAR USRH24 GADIGEPPA.kml,2025-12-27,0.18839873,0.188399,-0.00000027,0.12261667,0.122617,-0.00000033,19.81715529,19.817155,0.00000029,VV_dB=-10.1142;VH_dB=-16.5460,VV_dB=-10.1142;VH_dB=-16.5460,max_dVV_dB=0.0000;max_dVH_dB=0.0000,OK
IND-KA-600682,KOTIHAL MANJAPPA GADIGEPPA BANAKAR USRH24 GADIGEPPA.kml,2026-01-01,0.19033714,0.190337,0.00000014,0.11488912,0.114889,0.00000012,18.57451769,18.574518,-0.00000031,VV_dB=-10.1142;VH_dB=-16.5460,VV_dB=-10.1142;VH_dB=-16.5460,max_dVV_dB=0.0000;max_dVH_dB=0.0000,OK
IND-KA-600682,KOTIHAL MANJAPPA GADIGEPPA BANAKAR USRH24 GADIGEPPA.kml,2026-01-06,0.15806045,0.15806,0.00000045,0.08361928,0.083619,0.00000028,,,,VV_dB=-12.2004;VH_dB=-20.1671,VV_dB=-12.2004;VH_dB=-20.1671,max_dVV_dB=0.0000;max_dVH_dB=0.0000,OK
IND-KA-600682,KOTIHAL MANJAPPA GADIGEPPA BANAKAR USRH24 GADIGEPPA.kml,2026-01-16,0.18924581,0.189246,-0.00000019,0.09801794,0.098018,-0.00000006,31.86732531,31.867325,0.00000031,VV_dB=-14.3169;VH_dB=-21.5071,VV_dB=-14.3169;VH_dB=-21.5071,max_dVV_dB=0.0000;max_dVH_dB=0.0000,OK
IND-KA-600682,KOTIHAL MANJAPPA GADIGEPPA BANAKAR USRH24 GADIGEPPA.kml,2026-01-21,0.45135671,0.451357,-0.00000029,0.25092903,0.250929,0.00000003,20.81466953,20.81467,-0.00000047,VV_dB=-14.3169;VH_dB=-21.5071,VV_dB=-14.3169;VH_dB=-21.5071,max_dVV_dB=0.0000;max_dVH_dB=0.0000,OK
IND-KA-600682,KOTIHAL MANJAPPA GADIGEPPA BANAKAR USRH24 GADIGEPPA.kml,2026-01-26,0.32415518,0.324155,0.00000018,0.14997683,0.149977,-0.00000017,19.73984456,19.739845,-0.00000044,VV_dB=-14.3169;VH_dB=-21.5071,VV_dB=-14.3169;VH_dB=-21.5071,max_dVV_dB=0.0000;max_dVH_dB=0.0000,OK
IND-KA-600682,KOTIHAL MANJAPPA GADIGEPPA BANAKAR USRH24 GADIGEPPA.kml,2026-01-31,0.38964942,0.389649,0.00000042,0.21659243,0.216592,0.00000043,22.70926182,22.709262,-0.00000018,,,,OK
IND-KA-600682,KOTIHAL MANJAPPA GADIGEPPA BANAKAR USRH24 GADIGEPPA.kml,2026-02-05,0.47539917,0.475399,0.00000017,0.26925775,0.269258,-0.00000025,20.87093615,20.870936,0.00000015,,,,OK
IND-KA-600682,KOTIHAL MANJAPPA GADIGEPPA BANAKAR USRH24 GADIGEPPA.kml,2026-02-10,0.52777779,0.527778,-0.00000021,0.31644881,0.316449,-0.00000019,18.37942234,18.379422,0.00000034,VV_dB=-8.8464;VH_dB=-16.4597,VV_dB=-8.8464;VH_dB=-16.4597,max_dVV_dB=0.0000;max_dVH_dB=0.0000,OK
IND-KA-600682,KOTIHAL MANJAPPA GADIGEPPA BANAKAR USRH24 GADIGEPPA.kml,2026-02-15,0.58330816,0.583308,0.00000016,0.36253947,0.362539,0.00000047,24.10760366,24.107604,-0.00000034,VV_dB=-8.8464;VH_dB=-16.4597,VV_dB=-8.8464;VH_dB=-16.4597,max_dVV_dB=0.0000;max_dVH_dB=0.0000,OK
IND-KA-600682,KOTIHAL MANJAPPA GADIGEPPA BANAKAR USRH24 GADIGEPPA.kml,2026-02-20,0.64053136,0.640531,0.00000036,0.42642111,0.426421,0.00000011,24.58383935,24.583839,0.00000035,VV_dB=-10.1308;VH_dB=-17.5452,VV_dB=-10.1308;VH_dB=-17.5452,max_dVV_dB=0.0000;max_dVH_dB=0.0000,OK
IND-KA-600682,KOTIHAL MANJAPPA GADIGEPPA BANAKAR USRH24 GADIGEPPA.kml,2026-02-25,0.65481985,0.65482,-0.00000015,0.48085517,0.480855,0.00000017,23.0364127,23.036413,-0.0000003,VV_dB=-10.1308;VH_dB=-17.5452,VV_dB=-10.1308;VH_dB=-17.5452,max_dVV_dB=0.0000;max_dVH_dB=0.0000,OK
IND-KA-600682,KOTIHAL MANJAPPA GADIGEPPA BANAKAR USRH24 GADIGEPPA.kml,2026-03-02,0.69876903,0.698769,0.00000003,0.4954477,0.495448,-0.0000003,23.63881338,23.638813,0.00000038,VV_dB=-10.1308;VH_dB=-17.5452,VV_dB=-10.1308;VH_dB=-17.5452,max_dVV_dB=0.0000;max_dVH_dB=0.0000,OK
IND-KA-600682,KOTIHAL MANJAPPA GADIGEPPA BANAKAR USRH24 GADIGEPPA.kml,2026-03-07,0.68223864,0.682239,-0.00000036,0.52476162,0.524762,-0.00000038,36.09040839,36.090408,0.00000039,VV_dB=-11.5549;VH_dB=-18.1938,VV_dB=-11.5549;VH_dB=-18.1938,max_dVV_dB=0.0000;max_dVH_dB=0.0000,OK
IND-KA-600682,KOTIHAL MANJAPPA GADIGEPPA BANAKAR USRH24 GADIGEPPA.kml,2026-03-12,0.70037454,0.700375,-0.00000046,0.53004533,0.530045,0.00000033,23.3543632,23.354363,0.0000002,VV_dB=-11.5549;VH_dB=-18.1938,VV_dB=-11.5549;VH_dB=-18.1938,max_dVV_dB=0.0000;max_dVH_dB=0.0000,OK
IND-KA-600682,KOTIHAL MANJAPPA GADIGEPPA BANAKAR USRH24 GADIGEPPA.kml,2026-03-17,0.67246377,0.672464,-0.00000023,0.50370908,0.503709,0.00000008,22.53964135,22.539641,0.00000035,VV_dB=-11.0101;VH_dB=-17.6031,VV_dB=-11.0101;VH_dB=-17.6031,max_dVV_dB=0.0000;max_dVH_dB=0.0000,OK
IND-KA-601190,HARANAGIRI GANGAMMA GUDDAPPA CHODAPPANAVAR USRH24 GUDDAPPA.kml,2025-12-02,0.3191281,0.319128,0.0000001,0.2142317,0.214232,-0.0000003,16.94456547,16.944565,0.00000047,VV_dB=-9.1430;VH_dB=-16.1841,VV_dB=-9.1968;VH_dB=-16.9996,max_dVV_dB=0.0538;max_dVH_dB=0.8155,SAR_VV_MISMATCH;SAR_VH_MISMATCH
IND-KA-601190,HARANAGIRI GANGAMMA GUDDAPPA CHODAPPANAVAR USRH24 GUDDAPPA.kml,2025-12-12,0.24380496,0.243805,-0.00000004,0.15004428,0.150044,0.00000028,18.43704549,18.437045,0.00000049,VV_dB=-8.7740;VH_dB=-17.6846,VV_dB=-8.3945;VH_dB=-17.3912,max_dVV_dB=0.3795;max_dVH_dB=0.2934,SAR_VV_MISMATCH;SAR_VH_MISMATCH
IND-KA-601190,HARANAGIRI GANGAMMA GUDDAPPA CHODAPPANAVAR USRH24 GUDDAPPA.kml,2025-12-14,0.24422973,0.24423,-0.00000027,0.14944001,0.14944,0.00000001,17.30930904,17.309309,0.00000004,VV_dB=-8.7740;VH_dB=-17.6846,VV_dB=-8.3945;VH_dB=-17.3912,max_dVV_dB=0.3795;max_dVH_dB=0.2934,SAR_VV_MISMATCH;SAR_VH_MISMATCH
IND-KA-601190,HARANAGIRI GANGAMMA GUDDAPPA CHODAPPANAVAR USRH24 GUDDAPPA.kml,2025-12-17,0.20291026,0.20291,0.00000026,0.12339407,0.123394,0.00000007,11.74257708,11.742577,0.00000008,VV_dB=-8.7740;VH_dB=-17.6846,VV_dB=-8.3945;VH_dB=-17.3912,max_dVV_dB=0.3795;max_dVH_dB=0.2934,SAR_VV_MISMATCH;SAR_VH_MISMATCH
IND-KA-601190,HARANAGIRI GANGAMMA GUDDAPPA CHODAPPANAVAR USRH24 GUDDAPPA.kml,2025-12-27,0.19725013,0.19725,0.00000013,0.12085278,0.120853,-0.00000022,19.74942373,19.749424,-0.00000027,VV_dB=-9.3222;VH_dB=-17.9489,VV_dB=-9.7873;VH_dB=-17.1442,max_dVV_dB=0.4651;max_dVH_dB=0.8047,SAR_VV_MISMATCH;SAR_VH_MISMATCH
IND-KA-601190,HARANAGIRI GANGAMMA GUDDAPPA CHODAPPANAVAR USRH24 GUDDAPPA.kml,2026-01-01,0.19482121,0.194821,0.00000021,0.10642239,0.106422,0.00000039,20.44001638,20.440016,0.00000038,VV_dB=-9.3222;VH_dB=-17.9489,VV_dB=-9.7873;VH_dB=-17.1442,max_dVV_dB=0.4651;max_dVH_dB=0.8047,SAR_VV_MISMATCH;SAR_VH_MISMATCH
IND-KA-601190,HARANAGIRI GANGAMMA GUDDAPPA CHODAPPANAVAR USRH24 GUDDAPPA.kml,2026-01-06,0.26638091,0.266381,-0.00000009,0.14914115,0.149141,0.00000015,19.12573737,19.125737,0.00000037,VV_dB=-13.5025;VH_dB=-22.1487,VV_dB=-14.9968;VH_dB=-24.2969,max_dVV_dB=1.4943;max_dVH_dB=2.1482,SAR_VV_MISMATCH;SAR_VH_MISMATCH
IND-KA-601190,HARANAGIRI GANGAMMA GUDDAPPA CHODAPPANAVAR USRH24 GUDDAPPA.kml,2026-01-16,0.433002,0.433002,-0,0.22945638,0.229456,0.00000038,32.84567915,32.845679,0.00000015,VV_dB=-14.1688;VH_dB=-24.0057,VV_dB=-15.0813;VH_dB=-24.1649,max_dVV_dB=0.9125;max_dVH_dB=0.1592,SAR_VV_MISMATCH;SAR_VH_MISMATCH
IND-KA-601190,HARANAGIRI GANGAMMA GUDDAPPA CHODAPPANAVAR USRH24 GUDDAPPA.kml,2026-01-21,0.57716179,0.577162,-0.00000021,0.28487992,0.28488,-0.00000008,17.8000174,17.800017,0.0000004,VV_dB=-14.1688;VH_dB=-24.0057,VV_dB=-15.0813;VH_dB=-24.1649,max_dVV_dB=0.9125;max_dVH_dB=0.1592,SAR_VV_MISMATCH;SAR_VH_MISMATCH
IND-KA-601190,HARANAGIRI GANGAMMA GUDDAPPA CHODAPPANAVAR USRH24 GUDDAPPA.kml,2026-01-26,0.56277579,0.562776,-0.00000021,0.29227948,0.292279,0.00000048,21.27247701,21.272477,0.00000001,VV_dB=-14.1688;VH_dB=-24.0057,VV_dB=-15.0813;VH_dB=-24.1649,max_dVV_dB=0.9125;max_dVH_dB=0.1592,SAR_VV_MISMATCH;SAR_VH_MISMATCH
IND-KA-601190,HARANAGIRI GANGAMMA GUDDAPPA CHODAPPANAVAR USRH24 GUDDAPPA.kml,2026-01-31,0.52853966,0.52854,-0.00000034,0.28702548,0.287025,0.00000048,22.49699681,22.496997,-0.00000019,VV_dB=-12.0719;VH_dB=-19.4186,,,OK
IND-KA-601190,HARANAGIRI GANGAMMA GUDDAPPA CHODAPPANAVAR USRH24 GUDDAPPA.kml,2026-02-05,0.72224283,0.722243,-0.00000017,0.40200901,0.402009,0.00000001,21.85087276,21.850873,-0.00000024,VV_dB=-12.0719;VH_dB=-19.4186,,,OK
IND-KA-601190,HARANAGIRI GANGAMMA GUDDAPPA CHODAPPANAVAR USRH24 GUDDAPPA.kml,2026-02-10,0.78435516,0.784355,0.00000016,0.50160313,0.501603,0.00000013,18.97584504,18.975845,0.00000004,VV_dB=-9.1149;VH_dB=-20.5430,VV_dB=-10.0741;VH_dB=-19.5993,max_dVV_dB=0.9592;max_dVH_dB=0.9437,SAR_VV_MISMATCH;SAR_VH_MISMATCH
IND-KA-601190,HARANAGIRI GANGAMMA GUDDAPPA CHODAPPANAVAR USRH24 GUDDAPPA.kml,2026-02-15,0.83042395,0.830424,-0.00000005,0.64063102,0.640631,0.00000002,23.59973409,23.599734,0.00000009,VV_dB=-9.1149;VH_dB=-20.5430,VV_dB=-10.0741;VH_dB=-19.5993,max_dVV_dB=0.9592;max_dVH_dB=0.9437,SAR_VV_MISMATCH;SAR_VH_MISMATCH
IND-KA-601190,HARANAGIRI GANGAMMA GUDDAPPA CHODAPPANAVAR USRH24 GUDDAPPA.kml,2026-02-20,0.85915494,0.859155,-0.00000006,0.67130536,0.671305,0.00000036,23.99606879,23.996069,-0.00000021,VV_dB=-10.3715;VH_dB=-17.7674,VV_dB=-10.3985;VH_dB=-17.6447,max_dVV_dB=0.0270;max_dVH_dB=0.1227,SAR_VH_MISMATCH
IND-KA-601190,HARANAGIRI GANGAMMA GUDDAPPA CHODAPPANAVAR USRH24 GUDDAPPA.kml,2026-02-25,0.8970657,0.897066,-0.0000003,0.69699275,0.696993,-0.00000025,23.67880667,23.678807,-0.00000033,VV_dB=-10.3715;VH_dB=-17.7674,VV_dB=-10.3985;VH_dB=-17.6447,max_dVV_dB=0.0270;max_dVH_dB=0.1227,SAR_VH_MISMATCH
IND-KA-601190,HARANAGIRI GANGAMMA GUDDAPPA CHODAPPANAVAR USRH24 GUDDAPPA.kml,2026-03-02,0.85939866,0.859399,-0.00000034,0.70691437,0.706914,0.00000037,20.88712289,20.887123,-0.00000011,VV_dB=-10.3715;VH_dB=-17.7674,VV_dB=-10.3985;VH_dB=-17.6447,max_dVV_dB=0.0270;max_dVH_dB=0.1227,SAR_VH_MISMATCH
IND-KA-601190,HARANAGIRI GANGAMMA GUDDAPPA CHODAPPANAVAR USRH24 GUDDAPPA.kml,2026-03-07,0.89314651,0.893147,-0.00000049,0.74709696,0.747097,-0.00000004,37.84724211,37.847242,0.00000011,VV_dB=-12.0583;VH_dB=-18.0073,VV_dB=-12.0557;VH_dB=-18.1544,max_dVV_dB=0.0026;max_dVH_dB=0.1471,SAR_VH_MISMATCH
IND-KA-601190,HARANAGIRI GANGAMMA GUDDAPPA CHODAPPANAVAR USRH24 GUDDAPPA.kml,2026-03-12,0.89135462,0.891355,-0.00000038,0.70786065,0.707861,-0.00000035,23.1421407,23.142141,-0.0000003,VV_dB=-12.0583;VH_dB=-18.0073,VV_dB=-12.0557;VH_dB=-18.1544,max_dVV_dB=0.0026;max_dVH_dB=0.1471,SAR_VH_MISMATCH
IND-KA-601190,HARANAGIRI GANGAMMA GUDDAPPA CHODAPPANAVAR USRH24 GUDDAPPA.kml,2026-03-17,0.78377122,0.783771,0.00000022,0.6403389,0.640339,-0.0000001,23.23051695,23.230517,-0.00000005,VV_dB=-11.5996;VH_dB=-18.8115,VV_dB=-12.0719;VH_dB=-19.4186,max_dVV_dB=0.4723;max_dVH_dB=0.6071,SAR_VV_MISMATCH;SAR_VH_MISMATCH
IND-KA-601215,HARANAGIRI PATIL BASANAGOUDA RAMANAGOUDA USRH24 RAMANAGOUDA.kml,2025-12-02,0.42192128,0.421921,0.00000028,0.30727032,0.30727,0.00000032,20.99273779,20.992738,-0.00000021,VV_dB=-11.3120;VH_dB=-18.7324,VV_dB=-11.1632;VH_dB=-16.7887,max_dVV_dB=0.1488;max_dVH_dB=1.9437,SAR_VV_MISMATCH;SAR_VH_MISMATCH
IND-KA-601215,HARANAGIRI PATIL BASANAGOUDA RAMANAGOUDA USRH24 RAMANAGOUDA.kml,2025-12-12,0.40425533,0.404255,0.00000033,0.27326202,0.273262,0.00000002,17.8353771,17.835377,0.0000001,VV_dB=-9.8053;VH_dB=-17.5654,VV_dB=-9.2826;VH_dB=-15.9872,max_dVV_dB=0.5227;max_dVH_dB=1.5782,SAR_VV_MISMATCH;SAR_VH_MISMATCH
IND-KA-601215,HARANAGIRI PATIL BASANAGOUDA RAMANAGOUDA USRH24 RAMANAGOUDA.kml,2025-12-14,0.40405616,0.404056,0.00000016,0.2578226,0.257823,-0.0000004,17.16974457,17.169745,-0.00000043,VV_dB=-9.8053;VH_dB=-17.5654,VV_dB=-9.2826;VH_dB=-15.9872,max_dVV_dB=0.5227;max_dVH_dB=1.5782,SAR_VV_MISMATCH;SAR_VH_MISMATCH
IND-KA-601215,HARANAGIRI PATIL BASANAGOUDA RAMANAGOUDA USRH24 RAMANAGOUDA.kml,2025-12-17,0.44710788,0.447108,-0.00000012,0.28579995,0.2858,-0.00000005,11.39711592,11.397116,-0.00000008,VV_dB=-9.8053;VH_dB=-17.5654,VV_dB=-9.2826;VH_dB=-15.9872,max_dVV_dB=0.5227;max_dVH_dB=1.5782,SAR_VV_MISMATCH;SAR_VH_MISMATCH
IND-KA-601215,HARANAGIRI PATIL BASANAGOUDA RAMANAGOUDA USRH24 RAMANAGOUDA.kml,2025-12-27,0.45771024,0.45771,0.00000024,0.31678432,0.316784,0.00000032,19.86710428,19.867104,0.00000028,VV_dB=-10.0255;VH_dB=-18.5211,VV_dB=-9.1264;VH_dB=-17.2267,max_dVV_dB=0.8991;max_dVH_dB=1.2944,SAR_VV_MISMATCH;SAR_VH_MISMATCH
IND-KA-601215,HARANAGIRI PATIL BASANAGOUDA RAMANAGOUDA USRH24 RAMANAGOUDA.kml,2026-01-01,0.46209657,0.462097,-0.00000043,0.30077514,0.300775,0.00000014,20.44001638,20.440016,0.00000038,VV_dB=-10.0255;VH_dB=-18.5211,VV_dB=-9.1264;VH_dB=-17.2267,max_dVV_dB=0.8991;max_dVH_dB=1.2944,SAR_VV_MISMATCH;SAR_VH_MISMATCH
IND-KA-601215,HARANAGIRI PATIL BASANAGOUDA RAMANAGOUDA USRH24 RAMANAGOUDA.kml,2026-01-06,0.50416142,0.504161,0.00000042,0.34358886,0.343589,-0.00000014,19.18085758,19.180858,-0.00000042,VV_dB=-10.3352;VH_dB=-18.8066,VV_dB=-8.6308;VH_dB=-17.8175,max_dVV_dB=1.7044;max_dVH_dB=0.9891,SAR_VV_MISMATCH;SAR_VH_MISMATCH
IND-KA-601215,HARANAGIRI PATIL BASANAGOUDA RAMANAGOUDA USRH24 RAMANAGOUDA.kml,2026-01-16,0.53468519,0.534685,0.00000019,0.36735591,0.367356,-0.00000009,34.28306234,34.283062,0.00000034,VV_dB=-12.7987;VH_dB=-18.7795,VV_dB=-14.4733;VH_dB=-21.2827,max_dVV_dB=1.6746;max_dVH_dB=2.5032,SAR_VV_MISMATCH;SAR_VH_MISMATCH
IND-KA-601215,HARANAGIRI PATIL BASANAGOUDA RAMANAGOUDA USRH24 RAMANAGOUDA.kml,2026-01-21,0.55530083,0.555301,-0.00000017,0.34325185,0.343252,-0.00000015,18.84255646,18.842556,0.00000046,VV_dB=-12.7987;VH_dB=-18.7795,VV_dB=-14.4733;VH_dB=-21.2827,max_dVV_dB=1.6746;max_dVH_dB=2.5032,SAR_VV_MISMATCH;SAR_VH_MISMATCH
IND-KA-601215,HARANAGIRI PATIL BASANAGOUDA RAMANAGOUDA USRH24 RAMANAGOUDA.kml,2026-01-26,0.56275523,0.562755,0.00000023,0.36935776,0.369358,-0.00000024,22.20680695,22.206807,-0.00000005,VV_dB=-12.7987;VH_dB=-18.7795,VV_dB=-14.4733;VH_dB=-21.2827,max_dVV_dB=1.6746;max_dVH_dB=2.5032,SAR_VV_MISMATCH;SAR_VH_MISMATCH
IND-KA-601215,HARANAGIRI PATIL BASANAGOUDA RAMANAGOUDA USRH24 RAMANAGOUDA.kml,2026-01-31,0.55405408,0.554054,0.00000008,0.36012298,0.360123,-0.00000002,22.62710708,22.627107,0.00000008,VV_dB=-10.2568;VH_dB=-17.3498,,,OK
IND-KA-601215,HARANAGIRI PATIL BASANAGOUDA RAMANAGOUDA USRH24 RAMANAGOUDA.kml,2026-02-05,0.56788605,0.567886,0.00000005,0.39516845,0.395168,0.00000045,21.57537075,21.575371,-0.00000025,VV_dB=-10.2568;VH_dB=-17.3498,,,OK
IND-KA-601215,HARANAGIRI PATIL BASANAGOUDA RAMANAGOUDA USRH24 RAMANAGOUDA.kml,2026-02-10,0.56445909,0.564459,0.00000009,0.38677692,0.386777,-0.00000008,19.203503,19.203503,-0,VV_dB=-8.7703;VH_dB=-18.2945,VV_dB=-9.0907;VH_dB=-17.9415,max_dVV_dB=0.3204;max_dVH_dB=0.3530,SAR_VV_MISMATCH;SAR_VH_MISMATCH
IND-KA-601215,HARANAGIRI PATIL BASANAGOUDA RAMANAGOUDA USRH24 RAMANAGOUDA.kml,2026-02-15,0.54816192,0.548162,-0.00000008,0.39057061,0.390571,-0.00000039,23.28685324,23.286853,0.00000024,VV_dB=-8.7703;VH_dB=-18.2945,VV_dB=-9.0907;VH_dB=-17.9415,max_dVV_dB=0.3204;max_dVH_dB=0.3530,SAR_VV_MISMATCH;SAR_VH_MISMATCH
IND-KA-601215,HARANAGIRI PATIL BASANAGOUDA RAMANAGOUDA USRH24 RAMANAGOUDA.kml,2026-02-20,0.54251385,0.542514,-0.00000015,0.37333843,0.373338,0.00000043,23.99275,24.081136,-0.088386,VV_dB=-9.3833;VH_dB=-17.4162,VV_dB=-9.0588;VH_dB=-17.3994,max_dVV_dB=0.3245;max_dVH_dB=0.0168,LST_MISMATCH;SAR_VV_MISMATCH
IND-KA-601215,HARANAGIRI PATIL BASANAGOUDA RAMANAGOUDA USRH24 RAMANAGOUDA.kml,2026-02-25,0.52519649,0.525196,0.00000049,0.36153013,0.36153,0.00000013,23.45960555,23.459606,-0.00000045,VV_dB=-9.3833;VH_dB=-17.4162,VV_dB=-9.0588;VH_dB=-17.3994,max_dVV_dB=0.3245;max_dVH_dB=0.0168,SAR_VV_MISMATCH
IND-KA-601215,HARANAGIRI PATIL BASANAGOUDA RAMANAGOUDA USRH24 RAMANAGOUDA.kml,2026-03-02,0.52164757,0.521648,-0.00000043,0.35714287,0.357143,-0.00000013,21.93214903,21.932149,0.00000003,VV_dB=-9.3833;VH_dB=-17.4162,VV_dB=-9.0588;VH_dB=-17.3994,max_dVV_dB=0.3245;max_dVH_dB=0.0168,SAR_VV_MISMATCH
IND-KA-601215,HARANAGIRI PATIL BASANAGOUDA RAMANAGOUDA USRH24 RAMANAGOUDA.kml,2026-03-07,0.48214287,0.482143,-0.00000013,0.33180261,0.331803,-0.00000039,36.91085226,36.910852,0.00000026,VV_dB=-10.8925;VH_dB=-16.8554,VV_dB=-10.6984;VH_dB=-16.9260,max_dVV_dB=0.1941;max_dVH_dB=0.0706,SAR_VV_MISMATCH;SAR_VH_MISMATCH
IND-KA-601215,HARANAGIRI PATIL BASANAGOUDA RAMANAGOUDA USRH24 RAMANAGOUDA.kml,2026-03-12,0.29264855,0.292649,-0.00000045,0.21364506,0.213645,0.00000006,22.19837626,22.198376,0.00000026,VV_dB=-10.8925;VH_dB=-16.8554,VV_dB=-10.6984;VH_dB=-16.9260,max_dVV_dB=0.1941;max_dVH_dB=0.0706,SAR_VV_MISMATCH;SAR_VH_MISMATCH
IND-KA-601215,HARANAGIRI PATIL BASANAGOUDA RAMANAGOUDA USRH24 RAMANAGOUDA.kml,2026-03-17,0.24851602,0.248516,0.00000002,0.18369019,0.18369,0.00000019,23.80091356,23.800914,-0.00000044,VV_dB=-10.5679;VH_dB=-15.8786,VV_dB=-10.2568;VH_dB=-17.3498,max_dVV_dB=0.3111;max_dVH_dB=1.4712,SAR_VV_MISMATCH;SAR_VH_MISMATCH
